"Number","Significant_Frequency","Period_Years","Period_days"
1,364.268537074148,12.0240963855422,4388.79518072289
1,728.537074148297,6.01204819277108,2194.39759036145
1,1092.80561122244,4.00803212851406,1462.93172690763
1,1461.4629258517,2.996996996997,1093.9039039039
1,1825.73146292585,2.39903846153846,875.649038461539
2,364.268537074148,12.0240963855422,4388.79518072289
2,728.537074148297,6.01204819277108,2194.39759036145
2,1092.80561122244,4.00803212851406,1462.93172690763
2,1461.4629258517,2.996996996997,1093.9039039039
2,1825.73146292585,2.39903846153846,875.649038461539
3,364.268537074148,12.0240963855422,4388.79518072289
3,728.537074148297,6.01204819277108,2194.39759036145
3,1097.19438877755,3.992,1457.08
3,1461.4629258517,2.996996996997,1093.9039039039
3,1825.73146292585,2.39903846153846,875.649038461539
4,364.268537074148,12.0240963855422,4388.79518072289
4,728.537074148297,6.01204819277108,2194.39759036145
4,1092.80561122244,4.00803212851406,1462.93172690763
4,1461.4629258517,2.996996996997,1093.9039039039
4,1825.73146292585,2.39903846153846,875.649038461539
5,364.268537074148,12.0240963855422,4388.79518072289
5,728.537074148297,6.01204819277108,2194.39759036145
5,1097.19438877755,3.992,1457.08
5,1461.4629258517,2.996996996997,1093.9039039039
5,1825.73146292585,2.39903846153846,875.649038461539
6,364.268537074148,12.0240963855422,4388.79518072289
6,728.537074148297,6.01204819277108,2194.39759036145
6,1097.19438877755,3.992,1457.08
6,1461.4629258517,2.996996996997,1093.9039039039
6,1825.73146292585,2.39903846153846,875.649038461539
7,364.268537074148,12.0240963855422,4388.79518072289
7,728.537074148297,6.01204819277108,2194.39759036145
7,1097.19438877755,3.992,1457.08
7,1461.4629258517,2.996996996997,1093.9039039039
7,1825.73146292585,2.39903846153846,875.649038461539
8,364.268537074148,12.0240963855422,4388.79518072289
8,728.537074148297,6.01204819277108,2194.39759036145
8,1097.19438877755,3.992,1457.08
8,1461.4629258517,2.996996996997,1093.9039039039
8,1825.73146292585,2.39903846153846,875.649038461539
9,364.268537074148,12.0240963855422,4388.79518072289
9,728.537074148297,6.01204819277108,2194.39759036145
9,1097.19438877755,3.992,1457.08
9,1461.4629258517,2.996996996997,1093.9039039039
9,1825.73146292585,2.39903846153846,875.649038461539
10,364.268537074148,12.0240963855422,4388.79518072289
10,728.537074148297,6.01204819277108,2194.39759036145
10,1097.19438877755,3.992,1457.08
10,1461.4629258517,2.996996996997,1093.9039039039
10,1825.73146292585,2.39903846153846,875.649038461539
11,364.268537074148,12.0240963855422,4388.79518072289
11,728.537074148297,6.01204819277108,2194.39759036145
11,1097.19438877755,3.992,1457.08
11,1461.4629258517,2.996996996997,1093.9039039039
11,1825.73146292585,2.39903846153846,875.649038461539
12,364.268537074148,12.0240963855422,4388.79518072289
12,728.537074148297,6.01204819277108,2194.39759036145
12,1097.19438877755,3.992,1457.08
12,1461.4629258517,2.996996996997,1093.9039039039
12,1825.73146292585,2.39903846153846,875.649038461539
13,364.268537074148,12.0240963855422,4388.79518072289
13,728.537074148297,6.01204819277108,2194.39759036145
13,1097.19438877755,3.992,1457.08
13,1461.4629258517,2.996996996997,1093.9039039039
13,1825.73146292585,2.39903846153846,875.649038461539
14,364.268537074148,12.0240963855422,4388.79518072289
14,728.537074148297,6.01204819277108,2194.39759036145
14,1097.19438877755,3.992,1457.08
14,1461.4629258517,2.996996996997,1093.9039039039
14,1825.73146292585,2.39903846153846,875.649038461539
15,364.268537074148,12.0240963855422,4388.79518072289
15,728.537074148297,6.01204819277108,2194.39759036145
15,1097.19438877755,3.992,1457.08
15,1461.4629258517,2.996996996997,1093.9039039039
15,1825.73146292585,2.39903846153846,875.649038461539
16,364.268537074148,12.0240963855422,4388.79518072289
16,728.537074148297,6.01204819277108,2194.39759036145
16,1097.19438877755,3.992,1457.08
16,1461.4629258517,2.996996996997,1093.9039039039
16,1825.73146292585,2.39903846153846,875.649038461539
17,364.268537074148,12.0240963855422,4388.79518072289
17,728.537074148297,6.01204819277108,2194.39759036145
17,1097.19438877755,3.992,1457.08
17,1461.4629258517,2.996996996997,1093.9039039039
17,1825.73146292585,2.39903846153846,875.649038461539
18,364.268537074148,12.0240963855422,4388.79518072289
18,728.537074148297,6.01204819277108,2194.39759036145
18,1092.80561122244,4.00803212851406,1462.93172690763
18,1461.4629258517,2.996996996997,1093.9039039039
18,1825.73146292585,2.39903846153846,875.649038461539
19,364.268537074148,12.0240963855422,4388.79518072289
19,728.537074148297,6.01204819277108,2194.39759036145
19,1097.19438877755,3.992,1457.08
19,1461.4629258517,2.996996996997,1093.9039039039
19,1825.73146292585,2.39903846153846,875.649038461539
20,364.268537074148,12.0240963855422,4388.79518072289
20,728.537074148297,6.01204819277108,2194.39759036145
20,1097.19438877755,3.992,1457.08
20,1461.4629258517,2.996996996997,1093.9039039039
20,1825.73146292585,2.39903846153846,875.649038461539
21,364.268537074148,12.0240963855422,4388.79518072289
21,728.537074148297,6.01204819277108,2194.39759036145
21,1097.19438877755,3.992,1457.08
21,1461.4629258517,2.996996996997,1093.9039039039
21,1825.73146292585,2.39903846153846,875.649038461539
22,364.268537074148,12.0240963855422,4388.79518072289
22,728.537074148297,6.01204819277108,2194.39759036145
22,1097.19438877755,3.992,1457.08
22,1461.4629258517,2.996996996997,1093.9039039039
22,1825.73146292585,2.39903846153846,875.649038461539
23,364.268537074148,12.0240963855422,4388.79518072289
23,728.537074148297,6.01204819277108,2194.39759036145
23,1097.19438877755,3.992,1457.08
23,1461.4629258517,2.996996996997,1093.9039039039
23,1825.73146292585,2.39903846153846,875.649038461539
24,364.268537074148,12.0240963855422,4388.79518072289
24,728.537074148297,6.01204819277108,2194.39759036145
24,1092.80561122244,4.00803212851406,1462.93172690763
24,1461.4629258517,2.996996996997,1093.9039039039
24,1825.73146292585,2.39903846153846,875.649038461539
25,364.268537074148,12.0240963855422,4388.79518072289
25,728.537074148297,6.01204819277108,2194.39759036145
25,1092.80561122244,4.00803212851406,1462.93172690763
25,1461.4629258517,2.996996996997,1093.9039039039
25,1825.73146292585,2.39903846153846,875.649038461539
26,364.268537074148,12.0240963855422,4388.79518072289
26,728.537074148297,6.01204819277108,2194.39759036145
26,1097.19438877755,3.992,1457.08
26,1461.4629258517,2.996996996997,1093.9039039039
26,1825.73146292585,2.39903846153846,875.649038461539
27,364.268537074148,12.0240963855422,4388.79518072289
27,728.537074148297,6.01204819277108,2194.39759036145
27,1097.19438877755,3.992,1457.08
27,1461.4629258517,2.996996996997,1093.9039039039
27,1825.73146292585,2.39903846153846,875.649038461539
28,364.268537074148,12.0240963855422,4388.79518072289
28,728.537074148297,6.01204819277108,2194.39759036145
28,1097.19438877755,3.992,1457.08
28,1461.4629258517,2.996996996997,1093.9039039039
28,1825.73146292585,2.39903846153846,875.649038461539
29,364.268537074148,12.0240963855422,4388.79518072289
29,728.537074148297,6.01204819277108,2194.39759036145
29,1092.80561122244,4.00803212851406,1462.93172690763
29,1461.4629258517,2.996996996997,1093.9039039039
29,1825.73146292585,2.39903846153846,875.649038461539
30,364.268537074148,12.0240963855422,4388.79518072289
30,728.537074148297,6.01204819277108,2194.39759036145
30,1092.80561122244,4.00803212851406,1462.93172690763
30,1461.4629258517,2.996996996997,1093.9039039039
30,1825.73146292585,2.39903846153846,875.649038461539
31,364.268537074148,12.0240963855422,4388.79518072289
31,728.537074148297,6.01204819277108,2194.39759036145
31,1092.80561122244,4.00803212851406,1462.93172690763
31,1461.4629258517,2.996996996997,1093.9039039039
31,1825.73146292585,2.39903846153846,875.649038461539
32,364.268537074148,12.0240963855422,4388.79518072289
32,728.537074148297,6.01204819277108,2194.39759036145
32,1092.80561122244,4.00803212851406,1462.93172690763
32,1461.4629258517,2.996996996997,1093.9039039039
32,1825.73146292585,2.39903846153846,875.649038461539
33,364.268537074148,12.0240963855422,4388.79518072289
33,728.537074148297,6.01204819277108,2194.39759036145
33,1092.80561122244,4.00803212851406,1462.93172690763
33,1461.4629258517,2.996996996997,1093.9039039039
33,1825.73146292585,2.39903846153846,875.649038461539
34,364.268537074148,12.0240963855422,4388.79518072289
34,728.537074148297,6.01204819277108,2194.39759036145
34,1092.80561122244,4.00803212851406,1462.93172690763
34,1461.4629258517,2.996996996997,1093.9039039039
34,1825.73146292585,2.39903846153846,875.649038461539
35,364.268537074148,12.0240963855422,4388.79518072289
35,728.537074148297,6.01204819277108,2194.39759036145
35,1092.80561122244,4.00803212851406,1462.93172690763
35,1461.4629258517,2.996996996997,1093.9039039039
35,1825.73146292585,2.39903846153846,875.649038461539
36,364.268537074148,12.0240963855422,4388.79518072289
36,728.537074148297,6.01204819277108,2194.39759036145
36,1092.80561122244,4.00803212851406,1462.93172690763
36,1461.4629258517,2.996996996997,1093.9039039039
36,1825.73146292585,2.39903846153846,875.649038461539
37,364.268537074148,12.0240963855422,4388.79518072289
37,728.537074148297,6.01204819277108,2194.39759036145
37,1097.19438877755,3.992,1457.08
37,1461.4629258517,2.996996996997,1093.9039039039
37,1825.73146292585,2.39903846153846,875.649038461539
38,364.268537074148,12.0240963855422,4388.79518072289
38,728.537074148297,6.01204819277108,2194.39759036145
38,1092.80561122244,4.00803212851406,1462.93172690763
38,1461.4629258517,2.996996996997,1093.9039039039
38,1825.73146292585,2.39903846153846,875.649038461539
39,364.268537074148,12.0240963855422,4388.79518072289
39,728.537074148297,6.01204819277108,2194.39759036145
39,1097.19438877755,3.992,1457.08
39,1461.4629258517,2.996996996997,1093.9039039039
39,1825.73146292585,2.39903846153846,875.649038461539
40,364.268537074148,12.0240963855422,4388.79518072289
40,728.537074148297,6.01204819277108,2194.39759036145
40,1097.19438877755,3.992,1457.08
40,1461.4629258517,2.996996996997,1093.9039039039
40,1825.73146292585,2.39903846153846,875.649038461539
41,364.268537074148,12.0240963855422,4388.79518072289
41,728.537074148297,6.01204819277108,2194.39759036145
41,1097.19438877755,3.992,1457.08
41,1461.4629258517,2.996996996997,1093.9039039039
41,1825.73146292585,2.39903846153846,875.649038461539
42,364.268537074148,12.0240963855422,4388.79518072289
42,728.537074148297,6.01204819277108,2194.39759036145
42,1097.19438877755,3.992,1457.08
42,1461.4629258517,2.996996996997,1093.9039039039
42,1825.73146292585,2.39903846153846,875.649038461539
43,364.268537074148,12.0240963855422,4388.79518072289
43,728.537074148297,6.01204819277108,2194.39759036145
43,1097.19438877755,3.992,1457.08
43,1461.4629258517,2.996996996997,1093.9039039039
43,1825.73146292585,2.39903846153846,875.649038461539
44,364.268537074148,12.0240963855422,4388.79518072289
44,728.537074148297,6.01204819277108,2194.39759036145
44,1092.80561122244,4.00803212851406,1462.93172690763
44,1461.4629258517,2.996996996997,1093.9039039039
44,1825.73146292585,2.39903846153846,875.649038461539
45,364.268537074148,12.0240963855422,4388.79518072289
45,728.537074148297,6.01204819277108,2194.39759036145
45,1092.80561122244,4.00803212851406,1462.93172690763
45,1461.4629258517,2.996996996997,1093.9039039039
45,1825.73146292585,2.39903846153846,875.649038461539
46,364.268537074148,12.0240963855422,4388.79518072289
46,728.537074148297,6.01204819277108,2194.39759036145
46,1092.80561122244,4.00803212851406,1462.93172690763
46,1461.4629258517,2.996996996997,1093.9039039039
46,1825.73146292585,2.39903846153846,875.649038461539
47,364.268537074148,12.0240963855422,4388.79518072289
47,728.537074148297,6.01204819277108,2194.39759036145
47,1092.80561122244,4.00803212851406,1462.93172690763
47,1461.4629258517,2.996996996997,1093.9039039039
47,1825.73146292585,2.39903846153846,875.649038461539
48,364.268537074148,12.0240963855422,4388.79518072289
48,728.537074148297,6.01204819277108,2194.39759036145
48,1097.19438877755,3.992,1457.08
48,1461.4629258517,2.996996996997,1093.9039039039
48,1825.73146292585,2.39903846153846,875.649038461539
49,364.268537074148,12.0240963855422,4388.79518072289
49,728.537074148297,6.01204819277108,2194.39759036145
49,1097.19438877755,3.992,1457.08
49,1461.4629258517,2.996996996997,1093.9039039039
49,1825.73146292585,2.39903846153846,875.649038461539
50,364.268537074148,12.0240963855422,4388.79518072289
50,728.537074148297,6.01204819277108,2194.39759036145
50,1097.19438877755,3.992,1457.08
50,1461.4629258517,2.996996996997,1093.9039039039
50,1825.73146292585,2.39903846153846,875.649038461539
51,364.268537074148,12.0240963855422,4388.79518072289
51,728.537074148297,6.01204819277108,2194.39759036145
51,1097.19438877755,3.992,1457.08
51,1461.4629258517,2.996996996997,1093.9039039039
51,1825.73146292585,2.39903846153846,875.649038461539
52,364.268537074148,12.0240963855422,4388.79518072289
52,728.537074148297,6.01204819277108,2194.39759036145
52,1097.19438877755,3.992,1457.08
52,1461.4629258517,2.996996996997,1093.9039039039
52,1825.73146292585,2.39903846153846,875.649038461539
53,364.268537074148,12.0240963855422,4388.79518072289
53,728.537074148297,6.01204819277108,2194.39759036145
53,1092.80561122244,4.00803212851406,1462.93172690763
53,1461.4629258517,2.996996996997,1093.9039039039
53,1825.73146292585,2.39903846153846,875.649038461539
54,364.268537074148,12.0240963855422,4388.79518072289
54,728.537074148297,6.01204819277108,2194.39759036145
54,1092.80561122244,4.00803212851406,1462.93172690763
54,1461.4629258517,2.996996996997,1093.9039039039
54,1825.73146292585,2.39903846153846,875.649038461539
55,364.268537074148,12.0240963855422,4388.79518072289
55,728.537074148297,6.01204819277108,2194.39759036145
55,1092.80561122244,4.00803212851406,1462.93172690763
55,1461.4629258517,2.996996996997,1093.9039039039
55,1825.73146292585,2.39903846153846,875.649038461539
56,364.268537074148,12.0240963855422,4388.79518072289
56,728.537074148297,6.01204819277108,2194.39759036145
56,1097.19438877755,3.992,1457.08
56,1461.4629258517,2.996996996997,1093.9039039039
56,1825.73146292585,2.39903846153846,875.649038461539
57,364.268537074148,12.0240963855422,4388.79518072289
57,728.537074148297,6.01204819277108,2194.39759036145
57,1092.80561122244,4.00803212851406,1462.93172690763
57,1461.4629258517,2.996996996997,1093.9039039039
57,1825.73146292585,2.39903846153846,875.649038461539
58,364.268537074148,12.0240963855422,4388.79518072289
58,728.537074148297,6.01204819277108,2194.39759036145
58,1092.80561122244,4.00803212851406,1462.93172690763
58,1461.4629258517,2.996996996997,1093.9039039039
58,1825.73146292585,2.39903846153846,875.649038461539
59,364.268537074148,12.0240963855422,4388.79518072289
59,728.537074148297,6.01204819277108,2194.39759036145
59,1092.80561122244,4.00803212851406,1462.93172690763
59,1461.4629258517,2.996996996997,1093.9039039039
59,1825.73146292585,2.39903846153846,875.649038461539
60,364.268537074148,12.0240963855422,4388.79518072289
60,728.537074148297,6.01204819277108,2194.39759036145
60,1092.80561122244,4.00803212851406,1462.93172690763
60,1461.4629258517,2.996996996997,1093.9039039039
60,1825.73146292585,2.39903846153846,875.649038461539
61,364.268537074148,12.0240963855422,4388.79518072289
61,728.537074148297,6.01204819277108,2194.39759036145
61,1097.19438877755,3.992,1457.08
61,1461.4629258517,2.996996996997,1093.9039039039
61,1825.73146292585,2.39903846153846,875.649038461539
62,364.268537074148,12.0240963855422,4388.79518072289
62,728.537074148297,6.01204819277108,2194.39759036145
62,1097.19438877755,3.992,1457.08
62,1461.4629258517,2.996996996997,1093.9039039039
62,1825.73146292585,2.39903846153846,875.649038461539
63,364.268537074148,12.0240963855422,4388.79518072289
63,732.925851703407,5.97604790419162,2181.25748502994
63,1097.19438877755,3.992,1457.08
63,1461.4629258517,2.996996996997,1093.9039039039
63,1825.73146292585,2.39903846153846,875.649038461539
64,364.268537074148,12.0240963855422,4388.79518072289
64,728.537074148297,6.01204819277108,2194.39759036145
64,1097.19438877755,3.992,1457.08
64,1461.4629258517,2.996996996997,1093.9039039039
64,1825.73146292585,2.39903846153846,875.649038461539
65,364.268537074148,12.0240963855422,4388.79518072289
65,728.537074148297,6.01204819277108,2194.39759036145
65,1097.19438877755,3.992,1457.08
65,1461.4629258517,2.996996996997,1093.9039039039
65,1825.73146292585,2.39903846153846,875.649038461539
66,364.268537074148,12.0240963855422,4388.79518072289
66,728.537074148297,6.01204819277108,2194.39759036145
66,1097.19438877755,3.992,1457.08
66,1461.4629258517,2.996996996997,1093.9039039039
66,1825.73146292585,2.39903846153846,875.649038461539
67,364.268537074148,12.0240963855422,4388.79518072289
67,728.537074148297,6.01204819277108,2194.39759036145
67,1097.19438877755,3.992,1457.08
67,1461.4629258517,2.996996996997,1093.9039039039
67,1825.73146292585,2.39903846153846,875.649038461539
68,364.268537074148,12.0240963855422,4388.79518072289
68,728.537074148297,6.01204819277108,2194.39759036145
68,1097.19438877755,3.992,1457.08
68,1461.4629258517,2.996996996997,1093.9039039039
68,1825.73146292585,2.39903846153846,875.649038461539
69,364.268537074148,12.0240963855422,4388.79518072289
69,728.537074148297,6.01204819277108,2194.39759036145
69,1092.80561122244,4.00803212851406,1462.93172690763
69,1461.4629258517,2.996996996997,1093.9039039039
69,1825.73146292585,2.39903846153846,875.649038461539
70,364.268537074148,12.0240963855422,4388.79518072289
70,728.537074148297,6.01204819277108,2194.39759036145
70,1097.19438877755,3.992,1457.08
70,1461.4629258517,2.996996996997,1093.9039039039
70,1825.73146292585,2.39903846153846,875.649038461539
71,364.268537074148,12.0240963855422,4388.79518072289
71,728.537074148297,6.01204819277108,2194.39759036145
71,1097.19438877755,3.992,1457.08
71,1461.4629258517,2.996996996997,1093.9039039039
71,1825.73146292585,2.39903846153846,875.649038461539
72,364.268537074148,12.0240963855422,4388.79518072289
72,728.537074148297,6.01204819277108,2194.39759036145
72,1092.80561122244,4.00803212851406,1462.93172690763
72,1461.4629258517,2.996996996997,1093.9039039039
72,1825.73146292585,2.39903846153846,875.649038461539
73,364.268537074148,12.0240963855422,4388.79518072289
73,728.537074148297,6.01204819277108,2194.39759036145
73,1092.80561122244,4.00803212851406,1462.93172690763
73,1461.4629258517,2.996996996997,1093.9039039039
73,1825.73146292585,2.39903846153846,875.649038461539
74,364.268537074148,12.0240963855422,4388.79518072289
74,728.537074148297,6.01204819277108,2194.39759036145
74,1092.80561122244,4.00803212851406,1462.93172690763
74,1461.4629258517,2.996996996997,1093.9039039039
74,1825.73146292585,2.39903846153846,875.649038461539
75,364.268537074148,12.0240963855422,4388.79518072289
75,728.537074148297,6.01204819277108,2194.39759036145
75,1092.80561122244,4.00803212851406,1462.93172690763
75,1461.4629258517,2.996996996997,1093.9039039039
75,1825.73146292585,2.39903846153846,875.649038461539
76,364.268537074148,12.0240963855422,4388.79518072289
76,728.537074148297,6.01204819277108,2194.39759036145
76,1092.80561122244,4.00803212851406,1462.93172690763
76,1461.4629258517,2.996996996997,1093.9039039039
76,1825.73146292585,2.39903846153846,875.649038461539
77,364.268537074148,12.0240963855422,4388.79518072289
77,728.537074148297,6.01204819277108,2194.39759036145
77,1092.80561122244,4.00803212851406,1462.93172690763
77,1461.4629258517,2.996996996997,1093.9039039039
77,1825.73146292585,2.39903846153846,875.649038461539
78,364.268537074148,12.0240963855422,4388.79518072289
78,732.925851703407,5.97604790419162,2181.25748502994
78,1097.19438877755,3.992,1457.08
78,1452.68537074148,3.01510574018127,1100.51359516616
78,1825.73146292585,2.39903846153846,875.649038461539
79,364.268537074148,12.0240963855422,4388.79518072289
79,732.925851703407,5.97604790419162,2181.25748502994
79,1097.19438877755,3.992,1457.08
79,1452.68537074148,3.01510574018127,1100.51359516616
79,1816.95390781563,2.41062801932367,879.87922705314
80,364.268537074148,12.0240963855422,4388.79518072289
80,728.537074148297,6.01204819277108,2194.39759036145
80,1092.80561122244,4.00803212851406,1462.93172690763
80,1452.68537074148,3.01510574018127,1100.51359516616
80,1816.95390781563,2.41062801932367,879.87922705314
81,364.268537074148,12.0240963855422,4388.79518072289
81,728.537074148297,6.01204819277108,2194.39759036145
81,1088.41683366733,4.0241935483871,1468.83064516129
81,1452.68537074148,3.01510574018127,1100.51359516616
81,1816.95390781563,2.41062801932367,879.87922705314
82,364.268537074148,12.0240963855422,4388.79518072289
82,728.537074148297,6.01204819277108,2194.39759036145
82,1097.19438877755,3.992,1457.08
82,1461.4629258517,2.996996996997,1093.9039039039
82,1825.73146292585,2.39903846153846,875.649038461539
83,364.268537074148,12.0240963855422,4388.79518072289
83,728.537074148297,6.01204819277108,2194.39759036145
83,1092.80561122244,4.00803212851406,1462.93172690763
83,1461.4629258517,2.996996996997,1093.9039039039
83,1825.73146292585,2.39903846153846,875.649038461539
84,364.268537074148,12.0240963855422,4388.79518072289
84,728.537074148297,6.01204819277108,2194.39759036145
84,1097.19438877755,3.992,1457.08
84,1461.4629258517,2.996996996997,1093.9039039039
84,1825.73146292585,2.39903846153846,875.649038461539
85,364.268537074148,12.0240963855422,4388.79518072289
85,728.537074148297,6.01204819277108,2194.39759036145
85,1092.80561122244,4.00803212851406,1462.93172690763
85,1461.4629258517,2.996996996997,1093.9039039039
85,1825.73146292585,2.39903846153846,875.649038461539
86,364.268537074148,12.0240963855422,4388.79518072289
86,728.537074148297,6.01204819277108,2194.39759036145
86,1097.19438877755,3.992,1457.08
86,1461.4629258517,2.996996996997,1093.9039039039
86,1825.73146292585,2.39903846153846,875.649038461539
87,364.268537074148,12.0240963855422,4388.79518072289
87,728.537074148297,6.01204819277108,2194.39759036145
87,1092.80561122244,4.00803212851406,1462.93172690763
87,1461.4629258517,2.996996996997,1093.9039039039
87,1825.73146292585,2.39903846153846,875.649038461539
88,364.268537074148,12.0240963855422,4388.79518072289
88,728.537074148297,6.01204819277108,2194.39759036145
88,1092.80561122244,4.00803212851406,1462.93172690763
88,1461.4629258517,2.996996996997,1093.9039039039
88,1825.73146292585,2.39903846153846,875.649038461539
89,364.268537074148,12.0240963855422,4388.79518072289
89,728.537074148297,6.01204819277108,2194.39759036145
89,1097.19438877755,3.992,1457.08
89,1461.4629258517,2.996996996997,1093.9039039039
89,1825.73146292585,2.39903846153846,875.649038461539
90,364.268537074148,12.0240963855422,4388.79518072289
90,728.537074148297,6.01204819277108,2194.39759036145
90,1097.19438877755,3.992,1457.08
90,1461.4629258517,2.996996996997,1093.9039039039
90,1825.73146292585,2.39903846153846,875.649038461539
91,364.268537074148,12.0240963855422,4388.79518072289
91,728.537074148297,6.01204819277108,2194.39759036145
91,1097.19438877755,3.992,1457.08
91,1461.4629258517,2.996996996997,1093.9039039039
91,1825.73146292585,2.39903846153846,875.649038461539
92,364.268537074148,12.0240963855422,4388.79518072289
92,728.537074148297,6.01204819277108,2194.39759036145
92,1097.19438877755,3.992,1457.08
92,1461.4629258517,2.996996996997,1093.9039039039
92,1825.73146292585,2.39903846153846,875.649038461539
93,364.268537074148,12.0240963855422,4388.79518072289
93,728.537074148297,6.01204819277108,2194.39759036145
93,1092.80561122244,4.00803212851406,1462.93172690763
93,1461.4629258517,2.996996996997,1093.9039039039
93,1825.73146292585,2.39903846153846,875.649038461539
94,364.268537074148,12.0240963855422,4388.79518072289
94,728.537074148297,6.01204819277108,2194.39759036145
94,1092.80561122244,4.00803212851406,1462.93172690763
94,1461.4629258517,2.996996996997,1093.9039039039
94,1825.73146292585,2.39903846153846,875.649038461539
95,364.268537074148,12.0240963855422,4388.79518072289
95,732.925851703407,5.97604790419162,2181.25748502994
95,1097.19438877755,3.992,1457.08
95,1461.4629258517,2.996996996997,1093.9039039039
95,1825.73146292585,2.39903846153846,875.649038461539
96,364.268537074148,12.0240963855422,4388.79518072289
96,728.537074148297,6.01204819277108,2194.39759036145
96,1097.19438877755,3.992,1457.08
96,1461.4629258517,2.996996996997,1093.9039039039
96,1825.73146292585,2.39903846153846,875.649038461539
97,364.268537074148,12.0240963855422,4388.79518072289
97,728.537074148297,6.01204819277108,2194.39759036145
97,1088.41683366733,4.0241935483871,1468.83064516129
97,1461.4629258517,2.996996996997,1093.9039039039
97,1816.95390781563,2.41062801932367,879.87922705314
98,364.268537074148,12.0240963855422,4388.79518072289
98,728.537074148297,6.01204819277108,2194.39759036145
98,1092.80561122244,4.00803212851406,1462.93172690763
98,1461.4629258517,2.996996996997,1093.9039039039
98,1816.95390781563,2.41062801932367,879.87922705314
99,364.268537074148,12.0240963855422,4388.79518072289
99,728.537074148297,6.01204819277108,2194.39759036145
99,1092.80561122244,4.00803212851406,1462.93172690763
99,1452.68537074148,3.01510574018127,1100.51359516616
99,1816.95390781563,2.41062801932367,879.87922705314
100,364.268537074148,12.0240963855422,4388.79518072289
100,728.537074148297,6.01204819277108,2194.39759036145
100,1092.80561122244,4.00803212851406,1462.93172690763
100,1461.4629258517,2.996996996997,1093.9039039039
100,1816.95390781563,2.41062801932367,879.87922705314
101,364.268537074148,12.0240963855422,4388.79518072289
101,728.537074148297,6.01204819277108,2194.39759036145
101,1097.19438877755,3.992,1457.08
101,1461.4629258517,2.996996996997,1093.9039039039
101,1825.73146292585,2.39903846153846,875.649038461539
102,364.268537074148,12.0240963855422,4388.79518072289
102,728.537074148297,6.01204819277108,2194.39759036145
102,1092.80561122244,4.00803212851406,1462.93172690763
102,1461.4629258517,2.996996996997,1093.9039039039
102,1825.73146292585,2.39903846153846,875.649038461539
103,364.268537074148,12.0240963855422,4388.79518072289
103,728.537074148297,6.01204819277108,2194.39759036145
103,1097.19438877755,3.992,1457.08
103,1461.4629258517,2.996996996997,1093.9039039039
103,1825.73146292585,2.39903846153846,875.649038461539
104,364.268537074148,12.0240963855422,4388.79518072289
104,728.537074148297,6.01204819277108,2194.39759036145
104,1097.19438877755,3.992,1457.08
104,1461.4629258517,2.996996996997,1093.9039039039
104,1825.73146292585,2.39903846153846,875.649038461539
105,364.268537074148,12.0240963855422,4388.79518072289
105,728.537074148297,6.01204819277108,2194.39759036145
105,1092.80561122244,4.00803212851406,1462.93172690763
105,1461.4629258517,2.996996996997,1093.9039039039
105,1825.73146292585,2.39903846153846,875.649038461539
106,364.268537074148,12.0240963855422,4388.79518072289
106,728.537074148297,6.01204819277108,2194.39759036145
106,1097.19438877755,3.992,1457.08
106,1461.4629258517,2.996996996997,1093.9039039039
106,1825.73146292585,2.39903846153846,875.649038461539
107,364.268537074148,12.0240963855422,4388.79518072289
107,728.537074148297,6.01204819277108,2194.39759036145
107,1097.19438877755,3.992,1457.08
107,1461.4629258517,2.996996996997,1093.9039039039
107,1825.73146292585,2.39903846153846,875.649038461539
108,364.268537074148,12.0240963855422,4388.79518072289
108,728.537074148297,6.01204819277108,2194.39759036145
108,1097.19438877755,3.992,1457.08
108,1461.4629258517,2.996996996997,1093.9039039039
108,1825.73146292585,2.39903846153846,875.649038461539
109,364.268537074148,12.0240963855422,4388.79518072289
109,728.537074148297,6.01204819277108,2194.39759036145
109,1097.19438877755,3.992,1457.08
109,1461.4629258517,2.996996996997,1093.9039039039
109,1825.73146292585,2.39903846153846,875.649038461539
110,364.268537074148,12.0240963855422,4388.79518072289
110,728.537074148297,6.01204819277108,2194.39759036145
110,1092.80561122244,4.00803212851406,1462.93172690763
110,1461.4629258517,2.996996996997,1093.9039039039
110,1825.73146292585,2.39903846153846,875.649038461539
111,364.268537074148,12.0240963855422,4388.79518072289
111,728.537074148297,6.01204819277108,2194.39759036145
111,1092.80561122244,4.00803212851406,1462.93172690763
111,1461.4629258517,2.996996996997,1093.9039039039
111,1825.73146292585,2.39903846153846,875.649038461539
112,364.268537074148,12.0240963855422,4388.79518072289
112,728.537074148297,6.01204819277108,2194.39759036145
112,1092.80561122244,4.00803212851406,1462.93172690763
112,1461.4629258517,2.996996996997,1093.9039039039
112,1816.95390781563,2.41062801932367,879.87922705314
113,364.268537074148,12.0240963855422,4388.79518072289
113,728.537074148297,6.01204819277108,2194.39759036145
113,1092.80561122244,4.00803212851406,1462.93172690763
113,1461.4629258517,2.996996996997,1093.9039039039
113,1816.95390781563,2.41062801932367,879.87922705314
114,364.268537074148,12.0240963855422,4388.79518072289
114,728.537074148297,6.01204819277108,2194.39759036145
114,1092.80561122244,4.00803212851406,1462.93172690763
114,1452.68537074148,3.01510574018127,1100.51359516616
114,1825.73146292585,2.39903846153846,875.649038461539
115,364.268537074148,12.0240963855422,4388.79518072289
115,728.537074148297,6.01204819277108,2194.39759036145
115,1092.80561122244,4.00803212851406,1462.93172690763
115,1452.68537074148,3.01510574018127,1100.51359516616
115,1825.73146292585,2.39903846153846,875.649038461539
116,364.268537074148,12.0240963855422,4388.79518072289
116,728.537074148297,6.01204819277108,2194.39759036145
116,1097.19438877755,3.992,1457.08
116,1461.4629258517,2.996996996997,1093.9039039039
116,1816.95390781563,2.41062801932367,879.87922705314
117,364.268537074148,12.0240963855422,4388.79518072289
117,728.537074148297,6.01204819277108,2194.39759036145
117,1097.19438877755,3.992,1457.08
117,1461.4629258517,2.996996996997,1093.9039039039
117,1816.95390781563,2.41062801932367,879.87922705314
118,364.268537074148,12.0240963855422,4388.79518072289
118,728.537074148297,6.01204819277108,2194.39759036145
118,1097.19438877755,3.992,1457.08
118,1452.68537074148,3.01510574018127,1100.51359516616
118,1816.95390781563,2.41062801932367,879.87922705314
119,364.268537074148,12.0240963855422,4388.79518072289
119,728.537074148297,6.01204819277108,2194.39759036145
119,1092.80561122244,4.00803212851406,1462.93172690763
119,1452.68537074148,3.01510574018127,1100.51359516616
119,1816.95390781563,2.41062801932367,879.87922705314
120,364.268537074148,12.0240963855422,4388.79518072289
120,728.537074148297,6.01204819277108,2194.39759036145
120,1097.19438877755,3.992,1457.08
120,1452.68537074148,3.01510574018127,1100.51359516616
120,1825.73146292585,2.39903846153846,875.649038461539
121,364.268537074148,12.0240963855422,4388.79518072289
121,728.537074148297,6.01204819277108,2194.39759036145
121,1092.80561122244,4.00803212851406,1462.93172690763
121,1452.68537074148,3.01510574018127,1100.51359516616
121,1825.73146292585,2.39903846153846,875.649038461539
122,364.268537074148,12.0240963855422,4388.79518072289
122,728.537074148297,6.01204819277108,2194.39759036145
122,1097.19438877755,3.992,1457.08
122,1461.4629258517,2.996996996997,1093.9039039039
122,1825.73146292585,2.39903846153846,875.649038461539
123,364.268537074148,12.0240963855422,4388.79518072289
123,728.537074148297,6.01204819277108,2194.39759036145
123,1092.80561122244,4.00803212851406,1462.93172690763
123,1461.4629258517,2.996996996997,1093.9039039039
123,1825.73146292585,2.39903846153846,875.649038461539
124,364.268537074148,12.0240963855422,4388.79518072289
124,728.537074148297,6.01204819277108,2194.39759036145
124,1097.19438877755,3.992,1457.08
124,1461.4629258517,2.996996996997,1093.9039039039
124,1825.73146292585,2.39903846153846,875.649038461539
125,364.268537074148,12.0240963855422,4388.79518072289
125,728.537074148297,6.01204819277108,2194.39759036145
125,1097.19438877755,3.992,1457.08
125,1461.4629258517,2.996996996997,1093.9039039039
125,1825.73146292585,2.39903846153846,875.649038461539
126,364.268537074148,12.0240963855422,4388.79518072289
126,728.537074148297,6.01204819277108,2194.39759036145
126,1097.19438877755,3.992,1457.08
126,1461.4629258517,2.996996996997,1093.9039039039
126,1825.73146292585,2.39903846153846,875.649038461539
127,364.268537074148,12.0240963855422,4388.79518072289
127,728.537074148297,6.01204819277108,2194.39759036145
127,1092.80561122244,4.00803212851406,1462.93172690763
127,1461.4629258517,2.996996996997,1093.9039039039
127,1825.73146292585,2.39903846153846,875.649038461539
128,364.268537074148,12.0240963855422,4388.79518072289
128,728.537074148297,6.01204819277108,2194.39759036145
128,1092.80561122244,4.00803212851406,1462.93172690763
128,1461.4629258517,2.996996996997,1093.9039039039
128,1825.73146292585,2.39903846153846,875.649038461539
129,364.268537074148,12.0240963855422,4388.79518072289
129,728.537074148297,6.01204819277108,2194.39759036145
129,1097.19438877755,3.992,1457.08
129,1461.4629258517,2.996996996997,1093.9039039039
129,1825.73146292585,2.39903846153846,875.649038461539
130,364.268537074148,12.0240963855422,4388.79518072289
130,728.537074148297,6.01204819277108,2194.39759036145
130,1097.19438877755,3.992,1457.08
130,1461.4629258517,2.996996996997,1093.9039039039
130,1825.73146292585,2.39903846153846,875.649038461539
131,364.268537074148,12.0240963855422,4388.79518072289
131,728.537074148297,6.01204819277108,2194.39759036145
131,1097.19438877755,3.992,1457.08
131,1461.4629258517,2.996996996997,1093.9039039039
131,1825.73146292585,2.39903846153846,875.649038461539
132,364.268537074148,12.0240963855422,4388.79518072289
132,728.537074148297,6.01204819277108,2194.39759036145
132,1097.19438877755,3.992,1457.08
132,1461.4629258517,2.996996996997,1093.9039039039
132,1825.73146292585,2.39903846153846,875.649038461539
133,364.268537074148,12.0240963855422,4388.79518072289
133,728.537074148297,6.01204819277108,2194.39759036145
133,1097.19438877755,3.992,1457.08
133,1461.4629258517,2.996996996997,1093.9039039039
133,1825.73146292585,2.39903846153846,875.649038461539
134,364.268537074148,12.0240963855422,4388.79518072289
134,728.537074148297,6.01204819277108,2194.39759036145
134,1097.19438877755,3.992,1457.08
134,1461.4629258517,2.996996996997,1093.9039039039
134,1825.73146292585,2.39903846153846,875.649038461539
135,364.268537074148,12.0240963855422,4388.79518072289
135,732.925851703407,5.97604790419162,2181.25748502994
135,1097.19438877755,3.992,1457.08
135,1452.68537074148,3.01510574018127,1100.51359516616
135,1825.73146292585,2.39903846153846,875.649038461539
136,364.268537074148,12.0240963855422,4388.79518072289
136,728.537074148297,6.01204819277108,2194.39759036145
136,1097.19438877755,3.992,1457.08
136,1452.68537074148,3.01510574018127,1100.51359516616
136,1825.73146292585,2.39903846153846,875.649038461539
137,364.268537074148,12.0240963855422,4388.79518072289
137,728.537074148297,6.01204819277108,2194.39759036145
137,1097.19438877755,3.992,1457.08
137,1452.68537074148,3.01510574018127,1100.51359516616
137,1816.95390781563,2.41062801932367,879.87922705314
138,364.268537074148,12.0240963855422,4388.79518072289
138,728.537074148297,6.01204819277108,2194.39759036145
138,1097.19438877755,3.992,1457.08
138,1452.68537074148,3.01510574018127,1100.51359516616
138,1816.95390781563,2.41062801932367,879.87922705314
139,364.268537074148,12.0240963855422,4388.79518072289
139,728.537074148297,6.01204819277108,2194.39759036145
139,1097.19438877755,3.992,1457.08
139,1452.68537074148,3.01510574018127,1100.51359516616
139,1825.73146292585,2.39903846153846,875.649038461539
140,364.268537074148,12.0240963855422,4388.79518072289
140,728.537074148297,6.01204819277108,2194.39759036145
140,1092.80561122244,4.00803212851406,1462.93172690763
140,1452.68537074148,3.01510574018127,1100.51359516616
140,1816.95390781563,2.41062801932367,879.87922705314
141,364.268537074148,12.0240963855422,4388.79518072289
141,728.537074148297,6.01204819277108,2194.39759036145
141,1088.41683366733,4.0241935483871,1468.83064516129
141,1452.68537074148,3.01510574018127,1100.51359516616
141,1825.73146292585,2.39903846153846,875.649038461539
142,364.268537074148,12.0240963855422,4388.79518072289
142,728.537074148297,6.01204819277108,2194.39759036145
142,1088.41683366733,4.0241935483871,1468.83064516129
142,1452.68537074148,3.01510574018127,1100.51359516616
142,1825.73146292585,2.39903846153846,875.649038461539
143,364.268537074148,12.0240963855422,4388.79518072289
143,728.537074148297,6.01204819277108,2194.39759036145
143,1097.19438877755,3.992,1457.08
143,1452.68537074148,3.01510574018127,1100.51359516616
143,1816.95390781563,2.41062801932367,879.87922705314
144,364.268537074148,12.0240963855422,4388.79518072289
144,719.759519038076,6.08536585365854,2221.15853658537
144,1097.19438877755,3.992,1457.08
144,1452.68537074148,3.01510574018127,1100.51359516616
144,1816.95390781563,2.41062801932367,879.87922705314
145,364.268537074148,12.0240963855422,4388.79518072289
145,728.537074148297,6.01204819277108,2194.39759036145
145,1097.19438877755,3.992,1457.08
145,1461.4629258517,2.996996996997,1093.9039039039
145,1825.73146292585,2.39903846153846,875.649038461539
146,364.268537074148,12.0240963855422,4388.79518072289
146,728.537074148297,6.01204819277108,2194.39759036145
146,1097.19438877755,3.992,1457.08
146,1461.4629258517,2.996996996997,1093.9039039039
146,1825.73146292585,2.39903846153846,875.649038461539
147,364.268537074148,12.0240963855422,4388.79518072289
147,728.537074148297,6.01204819277108,2194.39759036145
147,1097.19438877755,3.992,1457.08
147,1461.4629258517,2.996996996997,1093.9039039039
147,1825.73146292585,2.39903846153846,875.649038461539
148,364.268537074148,12.0240963855422,4388.79518072289
148,728.537074148297,6.01204819277108,2194.39759036145
148,1097.19438877755,3.992,1457.08
148,1461.4629258517,2.996996996997,1093.9039039039
148,1825.73146292585,2.39903846153846,875.649038461539
149,364.268537074148,12.0240963855422,4388.79518072289
149,728.537074148297,6.01204819277108,2194.39759036145
149,1097.19438877755,3.992,1457.08
149,1461.4629258517,2.996996996997,1093.9039039039
149,1825.73146292585,2.39903846153846,875.649038461539
150,364.268537074148,12.0240963855422,4388.79518072289
150,728.537074148297,6.01204819277108,2194.39759036145
150,1097.19438877755,3.992,1457.08
150,1461.4629258517,2.996996996997,1093.9039039039
150,1825.73146292585,2.39903846153846,875.649038461539
151,364.268537074148,12.0240963855422,4388.79518072289
151,728.537074148297,6.01204819277108,2194.39759036145
151,1092.80561122244,4.00803212851406,1462.93172690763
151,1461.4629258517,2.996996996997,1093.9039039039
151,1825.73146292585,2.39903846153846,875.649038461539
152,364.268537074148,12.0240963855422,4388.79518072289
152,728.537074148297,6.01204819277108,2194.39759036145
152,1097.19438877755,3.992,1457.08
152,1461.4629258517,2.996996996997,1093.9039039039
152,1825.73146292585,2.39903846153846,875.649038461539
153,364.268537074148,12.0240963855422,4388.79518072289
153,728.537074148297,6.01204819277108,2194.39759036145
153,1097.19438877755,3.992,1457.08
153,1461.4629258517,2.996996996997,1093.9039039039
153,1825.73146292585,2.39903846153846,875.649038461539
154,364.268537074148,12.0240963855422,4388.79518072289
154,728.537074148297,6.01204819277108,2194.39759036145
154,1097.19438877755,3.992,1457.08
154,1461.4629258517,2.996996996997,1093.9039039039
154,1825.73146292585,2.39903846153846,875.649038461539
155,364.268537074148,12.0240963855422,4388.79518072289
155,728.537074148297,6.01204819277108,2194.39759036145
155,1097.19438877755,3.992,1457.08
155,1461.4629258517,2.996996996997,1093.9039039039
155,1825.73146292585,2.39903846153846,875.649038461539
156,364.268537074148,12.0240963855422,4388.79518072289
156,728.537074148297,6.01204819277108,2194.39759036145
156,1097.19438877755,3.992,1457.08
156,1461.4629258517,2.996996996997,1093.9039039039
156,1825.73146292585,2.39903846153846,875.649038461539
157,364.268537074148,12.0240963855422,4388.79518072289
157,728.537074148297,6.01204819277108,2194.39759036145
157,1097.19438877755,3.992,1457.08
157,1461.4629258517,2.996996996997,1093.9039039039
157,1825.73146292585,2.39903846153846,875.649038461539
158,364.268537074148,12.0240963855422,4388.79518072289
158,728.537074148297,6.01204819277108,2194.39759036145
158,1097.19438877755,3.992,1457.08
158,1461.4629258517,2.996996996997,1093.9039039039
158,1816.95390781563,2.41062801932367,879.87922705314
159,364.268537074148,12.0240963855422,4388.79518072289
159,728.537074148297,6.01204819277108,2194.39759036145
159,1092.80561122244,4.00803212851406,1462.93172690763
159,1452.68537074148,3.01510574018127,1100.51359516616
159,1825.73146292585,2.39903846153846,875.649038461539
160,364.268537074148,12.0240963855422,4388.79518072289
160,728.537074148297,6.01204819277108,2194.39759036145
160,1097.19438877755,3.992,1457.08
160,1461.4629258517,2.996996996997,1093.9039039039
160,1816.95390781563,2.41062801932367,879.87922705314
161,364.268537074148,12.0240963855422,4388.79518072289
161,728.537074148297,6.01204819277108,2194.39759036145
161,1097.19438877755,3.992,1457.08
161,1461.4629258517,2.996996996997,1093.9039039039
161,1816.95390781563,2.41062801932367,879.87922705314
162,364.268537074148,12.0240963855422,4388.79518072289
162,728.537074148297,6.01204819277108,2194.39759036145
162,1097.19438877755,3.992,1457.08
162,1452.68537074148,3.01510574018127,1100.51359516616
162,1816.95390781563,2.41062801932367,879.87922705314
163,364.268537074148,12.0240963855422,4388.79518072289
163,728.537074148297,6.01204819277108,2194.39759036145
163,1097.19438877755,3.992,1457.08
163,1452.68537074148,3.01510574018127,1100.51359516616
163,1816.95390781563,2.41062801932367,879.87922705314
164,364.268537074148,12.0240963855422,4388.79518072289
164,732.925851703407,5.97604790419162,2181.25748502994
164,1097.19438877755,3.992,1457.08
164,1452.68537074148,3.01510574018127,1100.51359516616
164,1816.95390781563,2.41062801932367,879.87922705314
165,364.268537074148,12.0240963855422,4388.79518072289
165,728.537074148297,6.01204819277108,2194.39759036145
165,1097.19438877755,3.992,1457.08
165,1452.68537074148,3.01510574018127,1100.51359516616
165,1816.95390781563,2.41062801932367,879.87922705314
166,364.268537074148,12.0240963855422,4388.79518072289
166,728.537074148297,6.01204819277108,2194.39759036145
166,1088.41683366733,4.0241935483871,1468.83064516129
166,1452.68537074148,3.01510574018127,1100.51359516616
166,1816.95390781563,2.41062801932367,879.87922705314
167,364.268537074148,12.0240963855422,4388.79518072289
167,728.537074148297,6.01204819277108,2194.39759036145
167,1088.41683366733,4.0241935483871,1468.83064516129
167,1452.68537074148,3.01510574018127,1100.51359516616
167,1816.95390781563,2.41062801932367,879.87922705314
168,364.268537074148,12.0240963855422,4388.79518072289
168,728.537074148297,6.01204819277108,2194.39759036145
168,1088.41683366733,4.0241935483871,1468.83064516129
168,1452.68537074148,3.01510574018127,1100.51359516616
168,1816.95390781563,2.41062801932367,879.87922705314
169,364.268537074148,12.0240963855422,4388.79518072289
169,728.537074148297,6.01204819277108,2194.39759036145
169,1097.19438877755,3.992,1457.08
169,1452.68537074148,3.01510574018127,1100.51359516616
169,1816.95390781563,2.41062801932367,879.87922705314
170,364.268537074148,12.0240963855422,4388.79518072289
170,728.537074148297,6.01204819277108,2194.39759036145
170,1189.35871743487,3.68265682656827,1344.16974169742
170,1461.4629258517,2.996996996997,1093.9039039039
170,1825.73146292585,2.39903846153846,875.649038461539
171,364.268537074148,12.0240963855422,4388.79518072289
171,728.537074148297,6.01204819277108,2194.39759036145
171,1189.35871743487,3.68265682656827,1344.16974169742
171,1461.4629258517,2.996996996997,1093.9039039039
171,1825.73146292585,2.39903846153846,875.649038461539
172,364.268537074148,12.0240963855422,4388.79518072289
172,728.537074148297,6.01204819277108,2194.39759036145
172,1097.19438877755,3.992,1457.08
172,1461.4629258517,2.996996996997,1093.9039039039
172,1825.73146292585,2.39903846153846,875.649038461539
173,364.268537074148,12.0240963855422,4388.79518072289
173,728.537074148297,6.01204819277108,2194.39759036145
173,1097.19438877755,3.992,1457.08
173,1461.4629258517,2.996996996997,1093.9039039039
173,1825.73146292585,2.39903846153846,875.649038461539
174,364.268537074148,12.0240963855422,4388.79518072289
174,728.537074148297,6.01204819277108,2194.39759036145
174,1097.19438877755,3.992,1457.08
174,1461.4629258517,2.996996996997,1093.9039039039
174,1825.73146292585,2.39903846153846,875.649038461539
175,364.268537074148,12.0240963855422,4388.79518072289
175,728.537074148297,6.01204819277108,2194.39759036145
175,1097.19438877755,3.992,1457.08
175,1461.4629258517,2.996996996997,1093.9039039039
175,1825.73146292585,2.39903846153846,875.649038461539
176,364.268537074148,12.0240963855422,4388.79518072289
176,728.537074148297,6.01204819277108,2194.39759036145
176,1097.19438877755,3.992,1457.08
176,1461.4629258517,2.996996996997,1093.9039039039
176,1825.73146292585,2.39903846153846,875.649038461539
177,364.268537074148,12.0240963855422,4388.79518072289
177,728.537074148297,6.01204819277108,2194.39759036145
177,1097.19438877755,3.992,1457.08
177,1461.4629258517,2.996996996997,1093.9039039039
177,1825.73146292585,2.39903846153846,875.649038461539
178,364.268537074148,12.0240963855422,4388.79518072289
178,728.537074148297,6.01204819277108,2194.39759036145
178,1097.19438877755,3.992,1457.08
178,1461.4629258517,2.996996996997,1093.9039039039
178,1825.73146292585,2.39903846153846,875.649038461539
179,364.268537074148,12.0240963855422,4388.79518072289
179,728.537074148297,6.01204819277108,2194.39759036145
179,1097.19438877755,3.992,1457.08
179,1461.4629258517,2.996996996997,1093.9039039039
179,1825.73146292585,2.39903846153846,875.649038461539
180,364.268537074148,12.0240963855422,4388.79518072289
180,728.537074148297,6.01204819277108,2194.39759036145
180,1097.19438877755,3.992,1457.08
180,1461.4629258517,2.996996996997,1093.9039039039
180,1825.73146292585,2.39903846153846,875.649038461539
181,364.268537074148,12.0240963855422,4388.79518072289
181,728.537074148297,6.01204819277108,2194.39759036145
181,1097.19438877755,3.992,1457.08
181,1461.4629258517,2.996996996997,1093.9039039039
181,1825.73146292585,2.39903846153846,875.649038461539
182,364.268537074148,12.0240963855422,4388.79518072289
182,728.537074148297,6.01204819277108,2194.39759036145
182,1097.19438877755,3.992,1457.08
182,1461.4629258517,2.996996996997,1093.9039039039
182,1825.73146292585,2.39903846153846,875.649038461539
183,364.268537074148,12.0240963855422,4388.79518072289
183,728.537074148297,6.01204819277108,2194.39759036145
183,1092.80561122244,4.00803212851406,1462.93172690763
183,1452.68537074148,3.01510574018127,1100.51359516616
183,1825.73146292585,2.39903846153846,875.649038461539
184,364.268537074148,12.0240963855422,4388.79518072289
184,728.537074148297,6.01204819277108,2194.39759036145
184,1092.80561122244,4.00803212851406,1462.93172690763
184,1452.68537074148,3.01510574018127,1100.51359516616
184,1816.95390781563,2.41062801932367,879.87922705314
185,364.268537074148,12.0240963855422,4388.79518072289
185,728.537074148297,6.01204819277108,2194.39759036145
185,1097.19438877755,3.992,1457.08
185,1452.68537074148,3.01510574018127,1100.51359516616
185,1816.95390781563,2.41062801932367,879.87922705314
186,364.268537074148,12.0240963855422,4388.79518072289
186,728.537074148297,6.01204819277108,2194.39759036145
186,1092.80561122244,4.00803212851406,1462.93172690763
186,1452.68537074148,3.01510574018127,1100.51359516616
186,1825.73146292585,2.39903846153846,875.649038461539
187,364.268537074148,12.0240963855422,4388.79518072289
187,728.537074148297,6.01204819277108,2194.39759036145
187,1097.19438877755,3.992,1457.08
187,1452.68537074148,3.01510574018127,1100.51359516616
187,1816.95390781563,2.41062801932367,879.87922705314
188,364.268537074148,12.0240963855422,4388.79518072289
188,728.537074148297,6.01204819277108,2194.39759036145
188,1097.19438877755,3.992,1457.08
188,1452.68537074148,3.01510574018127,1100.51359516616
188,1816.95390781563,2.41062801932367,879.87922705314
189,364.268537074148,12.0240963855422,4388.79518072289
189,732.925851703407,5.97604790419162,2181.25748502994
189,1101.58316633267,3.97609561752988,1451.27490039841
189,1452.68537074148,3.01510574018127,1100.51359516616
189,1816.95390781563,2.41062801932367,879.87922705314
190,364.268537074148,12.0240963855422,4388.79518072289
190,728.537074148297,6.01204819277108,2194.39759036145
190,1088.41683366733,4.0241935483871,1468.83064516129
190,1452.68537074148,3.01510574018127,1100.51359516616
190,1816.95390781563,2.41062801932367,879.87922705314
191,364.268537074148,12.0240963855422,4388.79518072289
191,728.537074148297,6.01204819277108,2194.39759036145
191,1097.19438877755,3.992,1457.08
191,1452.68537074148,3.01510574018127,1100.51359516616
191,1816.95390781563,2.41062801932367,879.87922705314
192,364.268537074148,12.0240963855422,4388.79518072289
192,728.537074148297,6.01204819277108,2194.39759036145
192,1097.19438877755,3.992,1457.08
192,1452.68537074148,3.01510574018127,1100.51359516616
192,1816.95390781563,2.41062801932367,879.87922705314
193,364.268537074148,12.0240963855422,4388.79518072289
193,719.759519038076,6.08536585365854,2221.15853658537
193,1088.41683366733,4.0241935483871,1468.83064516129
193,1452.68537074148,3.01510574018127,1100.51359516616
193,1816.95390781563,2.41062801932367,879.87922705314
194,364.268537074148,12.0240963855422,4388.79518072289
194,728.537074148297,6.01204819277108,2194.39759036145
194,1097.19438877755,3.992,1457.08
194,1452.68537074148,3.01510574018127,1100.51359516616
194,1816.95390781563,2.41062801932367,879.87922705314
195,364.268537074148,12.0240963855422,4388.79518072289
195,732.925851703407,5.97604790419162,2181.25748502994
195,1097.19438877755,3.992,1457.08
195,1452.68537074148,3.01510574018127,1100.51359516616
195,1825.73146292585,2.39903846153846,875.649038461539
196,364.268537074148,12.0240963855422,4388.79518072289
196,728.537074148297,6.01204819277108,2194.39759036145
196,1097.19438877755,3.992,1457.08
196,1452.68537074148,3.01510574018127,1100.51359516616
196,1825.73146292585,2.39903846153846,875.649038461539
197,364.268537074148,12.0240963855422,4388.79518072289
197,728.537074148297,6.01204819277108,2194.39759036145
197,1097.19438877755,3.992,1457.08
197,1461.4629258517,2.996996996997,1093.9039039039
197,1825.73146292585,2.39903846153846,875.649038461539
198,364.268537074148,12.0240963855422,4388.79518072289
198,728.537074148297,6.01204819277108,2194.39759036145
198,1189.35871743487,3.68265682656827,1344.16974169742
198,1461.4629258517,2.996996996997,1093.9039039039
198,1825.73146292585,2.39903846153846,875.649038461539
199,364.268537074148,12.0240963855422,4388.79518072289
199,728.537074148297,6.01204819277108,2194.39759036145
199,1097.19438877755,3.992,1457.08
199,1461.4629258517,2.996996996997,1093.9039039039
199,1825.73146292585,2.39903846153846,875.649038461539
200,364.268537074148,12.0240963855422,4388.79518072289
200,728.537074148297,6.01204819277108,2194.39759036145
200,1097.19438877755,3.992,1457.08
200,1461.4629258517,2.996996996997,1093.9039039039
200,1825.73146292585,2.39903846153846,875.649038461539
201,364.268537074148,12.0240963855422,4388.79518072289
201,728.537074148297,6.01204819277108,2194.39759036145
201,1189.35871743487,3.68265682656827,1344.16974169742
201,1461.4629258517,2.996996996997,1093.9039039039
201,1825.73146292585,2.39903846153846,875.649038461539
202,364.268537074148,12.0240963855422,4388.79518072289
202,728.537074148297,6.01204819277108,2194.39759036145
202,1097.19438877755,3.992,1457.08
202,1461.4629258517,2.996996996997,1093.9039039039
202,1825.73146292585,2.39903846153846,875.649038461539
203,364.268537074148,12.0240963855422,4388.79518072289
203,728.537074148297,6.01204819277108,2194.39759036145
203,1189.35871743487,3.68265682656827,1344.16974169742
203,1461.4629258517,2.996996996997,1093.9039039039
203,1825.73146292585,2.39903846153846,875.649038461539
204,364.268537074148,12.0240963855422,4388.79518072289
204,728.537074148297,6.01204819277108,2194.39759036145
204,1189.35871743487,3.68265682656827,1344.16974169742
204,1461.4629258517,2.996996996997,1093.9039039039
204,1825.73146292585,2.39903846153846,875.649038461539
205,364.268537074148,12.0240963855422,4388.79518072289
205,728.537074148297,6.01204819277108,2194.39759036145
205,1189.35871743487,3.68265682656827,1344.16974169742
205,1461.4629258517,2.996996996997,1093.9039039039
205,1825.73146292585,2.39903846153846,875.649038461539
206,364.268537074148,12.0240963855422,4388.79518072289
206,728.537074148297,6.01204819277108,2194.39759036145
206,1092.80561122244,4.00803212851406,1462.93172690763
206,1461.4629258517,2.996996996997,1093.9039039039
206,1825.73146292585,2.39903846153846,875.649038461539
207,364.268537074148,12.0240963855422,4388.79518072289
207,728.537074148297,6.01204819277108,2194.39759036145
207,1092.80561122244,4.00803212851406,1462.93172690763
207,1461.4629258517,2.996996996997,1093.9039039039
207,1825.73146292585,2.39903846153846,875.649038461539
208,364.268537074148,12.0240963855422,4388.79518072289
208,728.537074148297,6.01204819277108,2194.39759036145
208,1097.19438877755,3.992,1457.08
208,1461.4629258517,2.996996996997,1093.9039039039
208,1816.95390781563,2.41062801932367,879.87922705314
209,364.268537074148,12.0240963855422,4388.79518072289
209,728.537074148297,6.01204819277108,2194.39759036145
209,1097.19438877755,3.992,1457.08
209,1461.4629258517,2.996996996997,1093.9039039039
209,1816.95390781563,2.41062801932367,879.87922705314
210,364.268537074148,12.0240963855422,4388.79518072289
210,728.537074148297,6.01204819277108,2194.39759036145
210,1092.80561122244,4.00803212851406,1462.93172690763
210,1452.68537074148,3.01510574018127,1100.51359516616
210,1825.73146292585,2.39903846153846,875.649038461539
211,364.268537074148,12.0240963855422,4388.79518072289
211,728.537074148297,6.01204819277108,2194.39759036145
211,1097.19438877755,3.992,1457.08
211,1452.68537074148,3.01510574018127,1100.51359516616
211,1825.73146292585,2.39903846153846,875.649038461539
212,364.268537074148,12.0240963855422,4388.79518072289
212,728.537074148297,6.01204819277108,2194.39759036145
212,1097.19438877755,3.992,1457.08
212,1452.68537074148,3.01510574018127,1100.51359516616
212,1816.95390781563,2.41062801932367,879.87922705314
213,364.268537074148,12.0240963855422,4388.79518072289
213,728.537074148297,6.01204819277108,2194.39759036145
213,1097.19438877755,3.992,1457.08
213,1452.68537074148,3.01510574018127,1100.51359516616
213,1830.12024048096,2.39328537170264,873.549160671463
214,364.268537074148,12.0240963855422,4388.79518072289
214,732.925851703407,5.97604790419162,2181.25748502994
214,1097.19438877755,3.992,1457.08
214,1461.4629258517,2.996996996997,1093.9039039039
214,1816.95390781563,2.41062801932367,879.87922705314
215,364.268537074148,12.0240963855422,4388.79518072289
215,728.537074148297,6.01204819277108,2194.39759036145
215,1092.80561122244,4.00803212851406,1462.93172690763
215,1461.4629258517,2.996996996997,1093.9039039039
215,1816.95390781563,2.41062801932367,879.87922705314
216,364.268537074148,12.0240963855422,4388.79518072289
216,728.537074148297,6.01204819277108,2194.39759036145
216,1101.58316633267,3.97609561752988,1451.27490039841
216,1452.68537074148,3.01510574018127,1100.51359516616
216,1816.95390781563,2.41062801932367,879.87922705314
217,364.268537074148,12.0240963855422,4388.79518072289
217,728.537074148297,6.01204819277108,2194.39759036145
217,1088.41683366733,4.0241935483871,1468.83064516129
217,1452.68537074148,3.01510574018127,1100.51359516616
217,1816.95390781563,2.41062801932367,879.87922705314
218,364.268537074148,12.0240963855422,4388.79518072289
218,728.537074148297,6.01204819277108,2194.39759036145
218,1092.80561122244,4.00803212851406,1462.93172690763
218,1452.68537074148,3.01510574018127,1100.51359516616
218,1816.95390781563,2.41062801932367,879.87922705314
219,364.268537074148,12.0240963855422,4388.79518072289
219,728.537074148297,6.01204819277108,2194.39759036145
219,1101.58316633267,3.97609561752988,1451.27490039841
219,1452.68537074148,3.01510574018127,1100.51359516616
219,1816.95390781563,2.41062801932367,879.87922705314
220,364.268537074148,12.0240963855422,4388.79518072289
220,728.537074148297,6.01204819277108,2194.39759036145
220,1088.41683366733,4.0241935483871,1468.83064516129
220,1452.68537074148,3.01510574018127,1100.51359516616
220,1816.95390781563,2.41062801932367,879.87922705314
221,364.268537074148,12.0240963855422,4388.79518072289
221,719.759519038076,6.08536585365854,2221.15853658537
221,1088.41683366733,4.0241935483871,1468.83064516129
221,1452.68537074148,3.01510574018127,1100.51359516616
221,1816.95390781563,2.41062801932367,879.87922705314
222,364.268537074148,12.0240963855422,4388.79518072289
222,728.537074148297,6.01204819277108,2194.39759036145
222,1088.41683366733,4.0241935483871,1468.83064516129
222,1452.68537074148,3.01510574018127,1100.51359516616
222,1825.73146292585,2.39903846153846,875.649038461539
223,364.268537074148,12.0240963855422,4388.79518072289
223,719.759519038076,6.08536585365854,2221.15853658537
223,1088.41683366733,4.0241935483871,1468.83064516129
223,1452.68537074148,3.01510574018127,1100.51359516616
223,1825.73146292585,2.39903846153846,875.649038461539
224,364.268537074148,12.0240963855422,4388.79518072289
224,732.925851703407,5.97604790419162,2181.25748502994
224,1110.36072144289,3.94466403162055,1439.8023715415
224,1461.4629258517,2.996996996997,1093.9039039039
224,1825.73146292585,2.39903846153846,875.649038461539
225,364.268537074148,12.0240963855422,4388.79518072289
225,728.537074148297,6.01204819277108,2194.39759036145
225,1110.36072144289,3.94466403162055,1439.8023715415
225,1452.68537074148,3.01510574018127,1100.51359516616
225,1825.73146292585,2.39903846153846,875.649038461539
226,364.268537074148,12.0240963855422,4388.79518072289
226,728.537074148297,6.01204819277108,2194.39759036145
226,1189.35871743487,3.68265682656827,1344.16974169742
226,1461.4629258517,2.996996996997,1093.9039039039
226,1825.73146292585,2.39903846153846,875.649038461539
227,364.268537074148,12.0240963855422,4388.79518072289
227,728.537074148297,6.01204819277108,2194.39759036145
227,1189.35871743487,3.68265682656827,1344.16974169742
227,1461.4629258517,2.996996996997,1093.9039039039
227,1825.73146292585,2.39903846153846,875.649038461539
228,364.268537074148,12.0240963855422,4388.79518072289
228,728.537074148297,6.01204819277108,2194.39759036145
228,1189.35871743487,3.68265682656827,1344.16974169742
228,1461.4629258517,2.996996996997,1093.9039039039
228,1825.73146292585,2.39903846153846,875.649038461539
229,364.268537074148,12.0240963855422,4388.79518072289
229,728.537074148297,6.01204819277108,2194.39759036145
229,1097.19438877755,3.992,1457.08
229,1461.4629258517,2.996996996997,1093.9039039039
229,1825.73146292585,2.39903846153846,875.649038461539
230,364.268537074148,12.0240963855422,4388.79518072289
230,728.537074148297,6.01204819277108,2194.39759036145
230,1097.19438877755,3.992,1457.08
230,1461.4629258517,2.996996996997,1093.9039039039
230,1825.73146292585,2.39903846153846,875.649038461539
231,364.268537074148,12.0240963855422,4388.79518072289
231,728.537074148297,6.01204819277108,2194.39759036145
231,1097.19438877755,3.992,1457.08
231,1461.4629258517,2.996996996997,1093.9039039039
231,1825.73146292585,2.39903846153846,875.649038461539
232,364.268537074148,12.0240963855422,4388.79518072289
232,728.537074148297,6.01204819277108,2194.39759036145
232,1189.35871743487,3.68265682656827,1344.16974169742
232,1461.4629258517,2.996996996997,1093.9039039039
232,1825.73146292585,2.39903846153846,875.649038461539
233,364.268537074148,12.0240963855422,4388.79518072289
233,728.537074148297,6.01204819277108,2194.39759036145
233,1097.19438877755,3.992,1457.08
233,1461.4629258517,2.996996996997,1093.9039039039
233,1825.73146292585,2.39903846153846,875.649038461539
234,364.268537074148,12.0240963855422,4388.79518072289
234,728.537074148297,6.01204819277108,2194.39759036145
234,1189.35871743487,3.68265682656827,1344.16974169742
234,1461.4629258517,2.996996996997,1093.9039039039
234,1825.73146292585,2.39903846153846,875.649038461539
235,364.268537074148,12.0240963855422,4388.79518072289
235,728.537074148297,6.01204819277108,2194.39759036145
235,1189.35871743487,3.68265682656827,1344.16974169742
235,1461.4629258517,2.996996996997,1093.9039039039
235,1816.95390781563,2.41062801932367,879.87922705314
236,364.268537074148,12.0240963855422,4388.79518072289
236,728.537074148297,6.01204819277108,2194.39759036145
236,1097.19438877755,3.992,1457.08
236,1461.4629258517,2.996996996997,1093.9039039039
236,1825.73146292585,2.39903846153846,875.649038461539
237,364.268537074148,12.0240963855422,4388.79518072289
237,728.537074148297,6.01204819277108,2194.39759036145
237,1092.80561122244,4.00803212851406,1462.93172690763
237,1461.4629258517,2.996996996997,1093.9039039039
237,1816.95390781563,2.41062801932367,879.87922705314
238,364.268537074148,12.0240963855422,4388.79518072289
238,732.925851703407,5.97604790419162,2181.25748502994
238,1097.19438877755,3.992,1457.08
238,1461.4629258517,2.996996996997,1093.9039039039
238,1825.73146292585,2.39903846153846,875.649038461539
239,364.268537074148,12.0240963855422,4388.79518072289
239,728.537074148297,6.01204819277108,2194.39759036145
239,1097.19438877755,3.992,1457.08
239,1452.68537074148,3.01510574018127,1100.51359516616
239,1816.95390781563,2.41062801932367,879.87922705314
240,364.268537074148,12.0240963855422,4388.79518072289
240,728.537074148297,6.01204819277108,2194.39759036145
240,1097.19438877755,3.992,1457.08
240,1452.68537074148,3.01510574018127,1100.51359516616
240,1816.95390781563,2.41062801932367,879.87922705314
241,364.268537074148,12.0240963855422,4388.79518072289
241,728.537074148297,6.01204819277108,2194.39759036145
241,1097.19438877755,3.992,1457.08
241,1452.68537074148,3.01510574018127,1100.51359516616
241,1816.95390781563,2.41062801932367,879.87922705314
242,364.268537074148,12.0240963855422,4388.79518072289
242,728.537074148297,6.01204819277108,2194.39759036145
242,1092.80561122244,4.00803212851406,1462.93172690763
242,1452.68537074148,3.01510574018127,1100.51359516616
242,1816.95390781563,2.41062801932367,879.87922705314
243,364.268537074148,12.0240963855422,4388.79518072289
243,728.537074148297,6.01204819277108,2194.39759036145
243,1097.19438877755,3.992,1457.08
243,1452.68537074148,3.01510574018127,1100.51359516616
243,1816.95390781563,2.41062801932367,879.87922705314
244,364.268537074148,12.0240963855422,4388.79518072289
244,728.537074148297,6.01204819277108,2194.39759036145
244,1097.19438877755,3.992,1457.08
244,1452.68537074148,3.01510574018127,1100.51359516616
244,1816.95390781563,2.41062801932367,879.87922705314
245,364.268537074148,12.0240963855422,4388.79518072289
245,732.925851703407,5.97604790419162,2181.25748502994
245,1088.41683366733,4.0241935483871,1468.83064516129
245,1452.68537074148,3.01510574018127,1100.51359516616
245,1816.95390781563,2.41062801932367,879.87922705314
246,364.268537074148,12.0240963855422,4388.79518072289
246,728.537074148297,6.01204819277108,2194.39759036145
246,1097.19438877755,3.992,1457.08
246,1452.68537074148,3.01510574018127,1100.51359516616
246,1816.95390781563,2.41062801932367,879.87922705314
247,364.268537074148,12.0240963855422,4388.79518072289
247,732.925851703407,5.97604790419162,2181.25748502994
247,1097.19438877755,3.992,1457.08
247,1452.68537074148,3.01510574018127,1100.51359516616
247,1816.95390781563,2.41062801932367,879.87922705314
248,364.268537074148,12.0240963855422,4388.79518072289
248,719.759519038076,6.08536585365854,2221.15853658537
248,1092.80561122244,4.00803212851406,1462.93172690763
248,1452.68537074148,3.01510574018127,1100.51359516616
248,1816.95390781563,2.41062801932367,879.87922705314
249,364.268537074148,12.0240963855422,4388.79518072289
249,719.759519038076,6.08536585365854,2221.15853658537
249,1097.19438877755,3.992,1457.08
249,1452.68537074148,3.01510574018127,1100.51359516616
249,1816.95390781563,2.41062801932367,879.87922705314
250,364.268537074148,12.0240963855422,4388.79518072289
250,719.759519038076,6.08536585365854,2221.15853658537
250,1097.19438877755,3.992,1457.08
250,1452.68537074148,3.01510574018127,1100.51359516616
250,1816.95390781563,2.41062801932367,879.87922705314
251,364.268537074148,12.0240963855422,4388.79518072289
251,728.537074148297,6.01204819277108,2194.39759036145
251,1097.19438877755,3.992,1457.08
251,1452.68537074148,3.01510574018127,1100.51359516616
251,1816.95390781563,2.41062801932367,879.87922705314
252,364.268537074148,12.0240963855422,4388.79518072289
252,728.537074148297,6.01204819277108,2194.39759036145
252,1097.19438877755,3.992,1457.08
252,1461.4629258517,2.996996996997,1093.9039039039
252,1816.95390781563,2.41062801932367,879.87922705314
253,364.268537074148,12.0240963855422,4388.79518072289
253,728.537074148297,6.01204819277108,2194.39759036145
253,1101.58316633267,3.97609561752988,1451.27490039841
253,1452.68537074148,3.01510574018127,1100.51359516616
253,1825.73146292585,2.39903846153846,875.649038461539
254,364.268537074148,12.0240963855422,4388.79518072289
254,728.537074148297,6.01204819277108,2194.39759036145
254,1088.41683366733,4.0241935483871,1468.83064516129
254,1452.68537074148,3.01510574018127,1100.51359516616
254,1825.73146292585,2.39903846153846,875.649038461539
255,364.268537074148,12.0240963855422,4388.79518072289
255,728.537074148297,6.01204819277108,2194.39759036145
255,1097.19438877755,3.992,1457.08
255,1461.4629258517,2.996996996997,1093.9039039039
255,1825.73146292585,2.39903846153846,875.649038461539
256,364.268537074148,12.0240963855422,4388.79518072289
256,732.925851703407,5.97604790419162,2181.25748502994
256,1097.19438877755,3.992,1457.08
256,1461.4629258517,2.996996996997,1093.9039039039
256,1825.73146292585,2.39903846153846,875.649038461539
